{"cameraMode":{"drawMode":0,"name":"Shaded","section":"Shading Mode"},"sceneLighting":true,"audioPlay":false,"sceneViewState":{"m_AlwaysRefresh":false,"showFog":true,"showSkybox":true,"showFlares":true,"showImageEffects":true,"showParticleSystems":true,"showVisualEffectGraphs":true,"m_FxEnabled":true},"in2DMode":false,"pivot":{"x":-2.212059497833252,"y":2.8333356380462648,"z":6.005634307861328},"rotation":{"x":-0.18057458102703095,"y":0.050416361540555957,"z":-0.009261512197554112,"w":-0.982237696647644},"size":3.230790376663208,"orthographic":false}