{"cameraMode":{"drawMode":0,"name":"Shaded","section":"Shading Mode"},"sceneLighting":true,"audioPlay":false,"sceneViewState":{"m_AlwaysRefresh":false,"showFog":true,"showSkybox":true,"showFlares":true,"showImageEffects":true,"showParticleSystems":true,"showVisualEffectGraphs":true,"m_FxEnabled":true},"in2DMode":false,"pivot":{"x":1.7343676090240479,"y":0.7258725166320801,"z":-0.21299219131469727},"rotation":{"x":0.023153886198997499,"y":0.9719874262809753,"z":-0.10864102840423584,"w":0.2071579247713089},"size":5.518795967102051,"orthographic":false}